Signatur-Name,Pattern,02.04 (?),09.04 (?),14.04 (?),21.04 (?),28.04 (CL-1169740),30.04 (CL-1177146),05.05 (?),19.05 (CL-1195482),16.06 (CL-1233465*),07.07 (CL-1299607),09.07 (CL-1315578),08.08 (CL-1325322),11.08 (24653108),18.08 (CL-1341255),18.08 live (24653108* (Capture)),eindeutig,Hinweis
APlayerState::DecryptPlayerName,41 57 41 56 41 54 56 57 55 53 48 83 EC ?? 48 89 D6 80 B9,JA,JA,JA,JA,JA,JA,JA,JA,JA,JA,JA,JA,JA,JA,JA,15/15,"eindeutig auf allen; auf CL-1341255 @0x3731030, sauberer Prolog"
Dec_BoneArray (lang),49 8D 6D 60 BB 01 00 00 00 45 31 F6 66 45 0F 57 D2 F2 44 0F 10 0D,JA,JA,JA,JA,JA,JA,JA,JA,JA,JA,JA,JA,JA,JA,NEIN,14/15,CL-1341255 @0x2FD46B0; Miss nur im .text-Teilabbild
Dec_BoneArray (kurz),49 8D 6D ?? BB,JA,JA,JA,JA,JA,JA,JA,JA,JA,JA,JA,JA,JA,JA,NEIN,14/15,"identisch zur langen Form - kuerzer, gleich eindeutig"
UWorld,48 8B 05 ?? ?? ?? ?? 4C 8D 3D ?? ?? ?? ?? 89 F1 EB ?? 44 01 CB FF C3 BD ?? ?? ?? ?? 66 0F 1F 84 00,JA,JA,JA,JA,JA,JA,JA,JA,JA,JA,JA,JA,JA,JA,JA,15/15,"MATCHT ueberall, ZEIGT aber auf CL-1341255 nicht auf GWorld (0xE825368 statt 0xE782D78)"
Dec_GWorld,E8 ?? ?? ?? ?? F6 ?? ?? ?? 01 0F 85 ?? ?? 00 00 8B 05,JA,JA,JA,JA,JA,JA,JA,JA,JA,JA,JA,JA,JA,JA,JA,15/15,eindeutig auf allen; Call-Ziel CL-1341255 0x40FDB0
Dec_FIndex,48 C7 07 00 00 00 00 48 83,11 x,13 x,17 x,15 x,18 x,20 x,19 x,18 x,17 x,16 x,15 x,16 x,17 x,17 x,10 x,0/15,"nie eindeutig (10-20 Treffer) - als Kandidatengenerator gedacht, nicht als Locator"
Dec_GName_Index2Name,48 8D 4C 24 28 48 8D 94 24 30 08 00 00 E8 ?? ?? ?? ?? 89 C6 48 8D 4C 24 20 48 8D 54 24 30 E8,JA,JA,JA,JA,JA,JA,JA,JA,JA,JA,JA,JA,JA,NEIN,JA,14/15,bricht genau auf CL-1341255; Stack-Displacements maskieren repariert es
Dec_GName_Index2Name RELAXED,48 8D 4C 24 ?? 48 8D 94 24 ?? ?? 00 00 E8 ?? ?? ?? ?? 89 C6 48 8D 4C 24 ?? 48 8D 54 24 ?? E8,JA,JA,JA,JA,JA,JA,JA,JA,JA,JA,JA,JA,JA,JA,JA,15/15,eindeutig auf allen 15 - empfohlene Ersatzform
Dec_PlayerNamePrivate,48 89 ?? ?? ?? E8 ?? ?? ?? ?? 48 8D 54 ?? ?? 48 89 F1 E8 ?? ?? ?? ?? 83 7C,JA,JA,JA,NEIN,JA,JA,JA,JA,NEIN,NEIN,NEIN,NEIN,NEIN,NEIN,NEIN,7/15,"bricht ab 07.07; relaxiert 15-18 Treffer, nicht rettbar. DecryptPlayerName nehmen"
