Function/Offset,Art,Signatur,02.04.2026,09.04.2026,14.04.2026,21.04.2026,28.04.2026,30.04.2026,05.05.2026,19.05.2026,16.06.2026,07.07.2026,09.07.2026,08.08.2026,11.08.2026,18.08.2026,18.08 live,Valid
FProperty::SetupOffset (fn),fn,0F B7 ?? ?? 35 ?? ?? ?? ?? 0F C8 89 ?? ?? ?? ?? ??,Yes,Yes,Yes,Yes,Yes,Yes,Yes,Yes,Yes,Yes,Yes,Yes,Yes,Yes,Yes,15/15
FProperty::Offset_Internal,offset,0F B7 ?? ?? 35 ?? ?? ?? ?? 0F C8 89 ?? ?? ?? ?? ??,Yes,Yes,Yes,Yes,Yes,Yes,Yes,Yes,Yes,Yes,Yes,Yes,Yes,Yes,Yes,15/15
FProperty::Offset_XOR,const,0F B7 ?? ?? 35 ?? ?? ?? ?? 0F C8 89 ?? ?? ?? ?? ??,Yes,Yes,Yes,Yes,Yes,Yes,Yes,Yes,Yes,Yes,Yes,Yes,Yes,Yes,Yes,15/15
FName resolver (fn),fn,81 ?? 00 FF FF 00  /  25 00 FF FF 00,Yes,Yes,Yes,Yes,Yes,Yes,Yes,Yes,Yes,Yes,Yes,Yes,Yes,Yes,No,14/15
GNamePool,global,81 ?? 00 FF FF 00  /  25 00 FF FF 00  + rip-lea .data + FNV32,Yes,Yes,Yes,Yes,Yes,Yes,Yes,Yes,Yes,Yes,Yes,Yes,Yes,Yes,No,14/15
FName shard seed off,offset,81 ?? 00 FF FF 00  /  25 00 FF FF 00,Yes,No,Yes,Yes,Yes,Yes,Yes,Yes,Yes,Yes,Yes,Yes,Yes,Yes,No,13/15
FName block base off,offset,81 ?? 00 FF FF 00  /  25 00 FF FF 00,Yes,No,No,No,Yes,Yes,Yes,No,Yes,Yes,Yes,No,Yes,Yes,No,9/15
FName FNV64 add,const,81 ?? 00 FF FF 00  /  25 00 FF FF 00  + B3 01 00 00 00 01 00 00,Yes,No,Yes,Yes,No,Yes,Yes,Yes,Yes,Yes,Yes,No,Yes,Yes,No,11/15
FName FNV64 rol1/rol2,const,81 ?? 00 FF FF 00  /  25 00 FF FF 00  + B3 01 00 00 00 01 00 00,Yes,No,No,No,No,No,No,No,No,No,No,Yes,No,No,No,2/15
FName KEY_INIT_ADD,const,81 ?? 00 FF FF 00  /  25 00 FF FF 00,No,No,No,Yes,No,No,No,No,No,Yes,No,Yes,Yes,No,No,4/15
FNameEntry len mask,const,81 ?? 00 FF FF 00  /  25 00 FF FF 00,Yes,Yes,No,No,Yes,Yes,No,No,No,No,No,Yes,Yes,No,No,6/15
chunks_manager global,global,[48-4F] 8D [04|0C|14|1C|24|2C|34|3C] [80|89|92|9B|AD|B6|BF]  + vote 66 0F 6F 05,Yes,Yes,Yes,Yes,Yes,Yes,Yes,Yes,Yes,Yes,Yes,Yes,Yes,Yes,No,14/15
chunks_manager votes,stat,[48-4F] 8D [04|0C|14|1C|24|2C|34|3C] [80|89|92|9B|AD|B6|BF],Yes,Yes,Yes,Yes,Yes,Yes,Yes,Yes,Yes,Yes,Yes,Yes,Yes,Yes,No,14/15
stride-20 sites,stat,[48-4F] 8D [04|0C|14|1C|24|2C|34|3C] [80|89|92|9B|AD|B6|BF],Yes,Yes,Yes,Yes,Yes,Yes,Yes,Yes,Yes,Yes,Yes,Yes,Yes,Yes,Yes,15/15
"anchor ""FName GetName() const""",anchor,"str ""FName GetName() const"" -> rip-ref -> lea",Yes,Yes,Yes,Yes,Yes,Yes,Yes,Yes,Yes,Yes,Yes,Yes,Yes,Yes,No,14/15
UObject::GetFName,fn,"str ""FName GetName() const"" -> rip-ref -> lea  + FNV32 & 83 E? 03",Yes,No,No,No,No,No,Yes,Yes,No,No,Yes,No,Yes,Yes,No,6/15
GetFName seed off,offset,"str ""FName GetName() const"" -> rip-ref -> lea",Yes,No,No,No,No,No,Yes,Yes,No,No,Yes,No,Yes,Yes,No,6/15
GetFName slot base,offset,"str ""FName GetName() const"" -> rip-ref -> lea",Yes,No,No,No,No,No,No,No,No,No,Yes,No,Yes,Yes,No,4/15
GetFName slot stride,offset,"str ""FName GetName() const"" -> rip-ref -> lea",Yes,No,No,No,No,No,Yes,Yes,No,No,Yes,No,Yes,Yes,No,6/15
GetFName slot xor,const,"str ""FName GetName() const"" -> rip-ref -> lea",No,No,No,No,No,No,Yes,No,No,No,Yes,No,Yes,Yes,No,4/15
GetFName hash add,const,"str ""FName GetName() const"" -> rip-ref -> lea",Yes,No,No,No,No,No,Yes,Yes,No,No,Yes,No,Yes,Yes,No,6/15
GetFName final rol,const,"str ""FName GetName() const"" -> rip-ref -> lea",Yes,No,No,No,No,No,Yes,Yes,No,No,Yes,No,Yes,Yes,No,6/15
GetFName slot consts,const,"str ""FName GetName() const"" -> rip-ref -> lea",Yes,No,No,No,No,No,No,Yes,No,No,No,No,Yes,Yes,No,4/15
GetFName slot shape,shape,"str ""FName GetName() const"" -> rip-ref -> lea",Yes,No,No,No,No,No,Yes,Yes,No,No,Yes,No,Yes,Yes,No,6/15
anchor PropertyBool.cpp,anchor,"str "".\\Runtime/CoreUObject/Private/UObject/PropertyBool.cpp""",Yes,Yes,Yes,Yes,Yes,Yes,Yes,Yes,Yes,Yes,Yes,Yes,Yes,Yes,No,14/15
PropertyBool.cpp refs,stat,"str "".\\Runtime/CoreUObject/Private/UObject/PropertyBool.cpp""",Yes,Yes,Yes,Yes,Yes,Yes,Yes,Yes,Yes,Yes,Yes,Yes,Yes,Yes,No,14/15
FBoolProperty::GetCPPType,fn,"str "".\\Runtime/CoreUObject/Private/UObject/PropertyBool.cpp""",Yes,Yes,No,No,Yes,Yes,Yes,No,No,Yes,Yes,Yes,No,Yes,No,9/15
FField::NamePrivate,offset,"str "".\\Runtime/CoreUObject/Private/UObject/PropertyBool.cpp""",Yes,Yes,No,No,Yes,Yes,Yes,No,No,Yes,Yes,Yes,No,Yes,No,9/15
FField name key1,global,"str "".\\Runtime/CoreUObject/Private/UObject/PropertyBool.cpp""",No,No,No,No,Yes,No,Yes,No,No,Yes,Yes,Yes,No,Yes,No,6/15
FField name key2,global,"str "".\\Runtime/CoreUObject/Private/UObject/PropertyBool.cpp""",No,No,No,No,No,No,No,No,No,No,No,No,No,Yes,No,1/15
FField name rot,const,"str "".\\Runtime/CoreUObject/Private/UObject/PropertyBool.cpp""",Yes,Yes,No,No,Yes,Yes,Yes,No,No,No,Yes,Yes,No,Yes,No,8/15
FField name shape,shape,"str "".\\Runtime/CoreUObject/Private/UObject/PropertyBool.cpp""",Yes,Yes,No,No,Yes,Yes,Yes,No,No,Yes,Yes,Yes,No,Yes,No,9/15
sizeof(FProperty),offset,"str "".\\Runtime/CoreUObject/Private/UObject/PropertyBool.cpp""  + cmp byte [r+d], -1",Yes,Yes,No,No,Yes,No,No,No,No,No,No,No,No,Yes,No,4/15
